Address,Names
22 s clinton st,Airliner
1225 s gilbert st,Big Grove Brewery
211 iowa ave,Blue Moose
118 e washington st,Bo-James
125 s dubuque st,Brothers
314 e burlington,Cactus 2
245 s gilbert,Cactus
124 s dubuque st,DC's
6 s dubuque st,Deadwood
5 s dubuque st,Dublin Underground
217 iowa ave,Eden Lounge
118 s dubuque st,Fieldhouse
127 e college st,Martini's
118 s clinton st #100,Pints
12 s dubuque st,Sports Column
10 s clinton st,Summit
114 e college st,TCB
121 e college st,Union
505 e washington st,Van B's
330 e prentiss st,The Vine Tavern
